10,Denise,Cook,dcook9@printfriendly.com,Female,Canada
14,Martha,Larson,mlarsond@tripadvisor.com,Female,Canada
16,Lois,Spencer,lspencerf@vinaora.com,Female,Canada
18,Melissa,Matthews,mmatthewsh@engadget.com,Female,Canada
32,Cynthia,Adams,cadamsv@blog.com,Female,Canada
33,Jacqueline,Howard,jhowardw@webmd.com,Female,Canada
38,Amy,Adams,aadams11@cam.ac.uk,Female,Canada
66,Norma,Wood,nwood1t@scientificamerican.com,Female,Canada
90,Betty,Campbell,bcampbell2h@bandcamp.com,Female,Canada
92,Melissa,Grant,mgrant2j@google.fr,Female,Canada
105,Heather,Bowman,hbowman2w@pcworld.com,Female,Canada
109,Kathy,Scott,kscott30@buzzfeed.com,Female,Canada
119,Barbara,Taylor,btaylor3a@house.gov,Female,Canada
126,Ann,Gray,,Female,Canada
135,Tammy,Fox,tfox3q@techcrunch.com,Female,Canada
148,Ashley,Stevens,astevens43@surveymonkey.com,Female,Canada
155,Evelyn,Lynch,elynch4a@gnu.org,Female,Canada
165,Gloria,Porter,,Female,Canada
196,Melissa,Morris,mmorris5f@angelfire.com,Female,Canada
199,Shirley,Hughes,shughes5i@goo.ne.jp,Female,Canada
200,Janet,Nichols,jnichols5j@comsenz.com,Female,Canada
215,Diane,Gray,dgray5y@trellian.com,Female,Canada
219,Marie,Frazier,mfrazier62@fema.gov,Female,Canada
222,Anne,Bennett,abennett65@cpanel.net,Female,Canada
225,Sarah,Nichols,snichols68@washingtonpost.com,Female,Canada
227,Jane,Shaw,jshaw6a@usa.gov,Female,Canada
233,Joyce,Porter,jporter6g@dailymotion.com,Female,Canada
239,Cynthia,Williamson,cwilliamson6m@fc2.com,Female,Canada
256,Janet,Moore,jmoore73@networksolutions.com,Female,Canada
259,Sharon,Ramos,sramos76@csmonitor.com,Female,Canada
266,Kathleen,Richards,krichards7d@reuters.com,Female,Canada
270,Laura,Pierce,lpierce7h@wp.com,Female,Canada
273,Emily,Peters,epeters7k@mozilla.com,Female,Canada
280,Melissa,Fields,mfields7r@google.es,Female,Canada
283,Lois,Green,lgreen7u@slashdot.org,Female,Canada
289,Jessica,Andrews,jandrews80@sciencedirect.com,Female,Canada
290,Margaret,Morgan,mmorgan81@columbia.edu,Female,Canada
301,Emily,Harrison,eharrison8c@hibu.com,Female,Canada
302,Laura,Young,lyoung8d@networkadvertising.org,Female,Canada
318,Phyllis,Elliott,pelliott8t@cocolog-nifty.com,Female,Canada
323,Andrea,Davis,adavis8y@wufoo.com,Female,Canada
332,Jennifer,Freeman,jfreeman97@hao123.com,Female,Canada
337,Frances,Chapman,fchapman9c@artisteer.com,Female,Canada
346,Alice,Freeman,afreeman9l@cbc.ca,Female,Canada
348,Janice,Hicks,jhicks9n@java.com,Female,Canada
362,Teresa,Moreno,tmorenoa1@devhub.com,Female,Canada
365,Michelle,Tucker,mtuckera4@senate.gov,Female,Canada
368,Diane,Butler,dbutlera7@dailymail.co.uk,Female,Canada
371,Judith,Cole,jcoleaa@msn.com,Female,Canada
388,Marie,Bennett,mbennettar@boston.com,Female,Canada
407,Dorothy,Olson,dolsonba@technorati.com,Female,Canada
409,Martha,Webb,mwebbbc@scientificamerican.com,Female,Canada
412,Paula,Owens,powensbf@yelp.com,Female,Canada
414,Paula,Flores,pfloresbh@latimes.com,Female,Canada
417,Sandra,Miller,smillerbk@ed.gov,Female,Canada
420,Michelle,Henry,mhenrybn@themeforest.net,Female,Canada
454,Patricia,Hunt,phuntcl@surveymonkey.com,Female,Canada
461,Elizabeth,Black,eblackcs@instagram.com,Female,Canada
470,Deborah,Hart,dhartd1@mashable.com,Female,Canada
471,Jane,Moore,jmoored2@sakura.ne.jp,Female,Canada
486,Lori,Rivera,lriveradh@example.com,Female,Canada
507,Diana,Reyes,dreyese2@unicef.org,Female,Canada
515,Julie,Lynch,jlynchea@ning.com,Female,Canada
526,Janice,Hart,jhartel@storify.com,Female,Canada
532,Alice,Morales,amoraleser@ucoz.ru,Female,Canada
538,Robin,Freeman,rfreemanex@bing.com,Female,Canada
544,Sara,Fields,sfieldsf3@hubpages.com,Female,Canada
547,Mary,Willis,,Female,Canada
552,Catherine,Collins,ccollinsfb@army.mil,Female,Canada
553,Denise,Lynch,dlynchfc@cornell.edu,Female,Canada
554,Norma,Welch,nwelchfd@livejournal.com,Female,Canada
558,Kimberly,Murphy,kmurphyfh@webnode.com,Female,Canada
560,Katherine,Smith,ksmithfj@hhs.gov,Female,Canada
565,Teresa,Fox,tfoxfo@toplist.cz,Female,Canada
569,Judith,Williamson,jwilliamsonfs@deliciousdays.com,Female,Canada
573,Deborah,Meyer,dmeyerfw@istockphoto.com,Female,Canada
574,Donna,Stevens,dstevensfx@barnesandnoble.com,Female,Canada
576,Diana,Hall,dhallfz@topsy.com,Female,Canada
578,Frances,Gilbert,fgilbertg1@bloomberg.com,Female,Canada
579,Angela,Wilson,awilsong2@usatoday.com,Female,Canada
583,Julia,Perkins,jperkinsg6@diigo.com,Female,Canada
584,Kathryn,Campbell,kcampbellg7@cpanel.net,Female,Canada
590,Susan,Cooper,scoopergd@who.int,Female,Canada
593,Sara,Fisher,sfishergg@omniture.com,Female,Canada
602,Ruby,Sullivan,rsullivangp@shop-pro.jp,Female,Canada
609,Laura,Hall,lhallgw@hp.com,Female,Canada
612,Robin,Hughes,rhughesgz@chron.com,Female,Canada
616,Janet,Taylor,jtaylorh3@google.com.hk,Female,Canada
629,Maria,Wood,mwoodhg@merriam-webster.com,Female,Canada
631,Alice,Oliver,aoliverhi@jalbum.net,Female,Canada
635,Maria,Holmes,mholmeshm@w3.org,Female,Canada
636,Lois,Garcia,,Female,Canada
641,Denise,Thomas,dthomashs@independent.co.uk,Female,Canada
661,Tina,Reynolds,treynoldsic@cpanel.net,Female,Canada
662,Judy,Marshall,jmarshallid@pen.io,Female,Canada
666,Diane,Snyder,dsnyderih@wired.com,Female,Canada
669,Betty,Pierce,bpierceik@mozilla.com,Female,Canada
682,Christina,Duncan,cduncanix@angelfire.com,Female,Canada
683,Barbara,Gonzalez,bgonzaleziy@godaddy.com,Female,Canada
698,Linda,Henderson,lhendersonjd@china.com.cn,Female,Canada
711,Sharon,Stewart,,Female,Canada
715,Maria,Lewis,mlewisju@weibo.com,Female,Canada
736,Susan,Sanchez,ssanchezkf@dyndns.org,Female,Canada
746,Evelyn,Ray,eraykp@thetimes.co.uk,Female,Canada
758,Ruby,Evans,revansl1@toplist.cz,Female,Canada
776,Carolyn,Ford,cfordlj@twitter.com,Female,Canada
791,Janet,Fernandez,jfernandezly@networkadvertising.org,Female,Canada
799,Christina,Gutierrez,cgutierrezm6@hugedomains.com,Female,Canada
803,Christine,Ford,cfordma@cnet.com,Female,Canada
811,Anne,Hunter,ahuntermi@seesaa.net,Female,Canada
821,Doris,Howard,,Female,Canada
823,Carolyn,Baker,cbakermu@amazon.co.uk,Female,Canada
847,Stephanie,Bowman,sbowmanni@yellowbook.com,Female,Canada
853,Julia,Perez,jperezno@xinhuanet.com,Female,Canada
872,Ruby,Howell,rhowello7@sourceforge.net,Female,Canada
877,Anne,Ford,afordoc@apple.com,Female,Canada
888,Bonnie,Jackson,bjacksonon@sciencedirect.com,Female,Canada
892,Carolyn,Garcia,cgarciaor@mail.ru,Female,Canada
896,Bonnie,Russell,brussellov@symantec.com,Female,Canada
901,Amy,Butler,abutlerp0@cbc.ca,Female,Canada
905,Gloria,Carr,gcarrp4@cocolog-nifty.com,Female,Canada
929,Jacqueline,Little,jlittleps@shinystat.com,Female,Canada
956,Theresa,Snyder,tsnyderqj@technorati.com,Female,Canada
959,Wanda,Ortiz,wortizqm@dailymail.co.uk,Female,Canada
960,Lillian,Moore,lmooreqn@army.mil,Female,Canada
964,Jacqueline,Fox,jfoxqr@google.pl,Female,Canada
975,Sandra,Harris,sharrisr2@wsj.com,Female,Canada
978,Lillian,Hernandez,lhernandezr5@statcounter.com,Female,Canada
995,Helen,Carr,hcarrrm@wikimedia.org,Female,Canada
